{"inertia": 669845.3435099102, "silhouette score": 0.193521691052424}