{"inertia": 75600.12911690919, "silhouette score": 0.19403243460109704}