{"inertia": 665947.9526024834, "silhouette score": 0.18949225530948904}